InvoiceDate,Country,daily_revenue,running_total
2010-12-01,Australia,358.25,358.25
2010-12-08,Australia,258.9,617.15
2010-12-14,Australia,-27.75,589.4
2010-12-17,Australia,415.7,1005.1
2011-01-06,Australia,7154.38,8159.48
2011-01-10,Australia,81.6,8241.08
2011-01-11,Australia,462.5,8703.58
2011-01-14,Australia,177.0,8880.58
2011-01-17,Australia,431.3,9311.88
2011-01-19,Australia,238.5,9550.38
2011-01-20,Australia,87.75,9638.13
2011-01-28,Australia,384.68,10022.81
2011-02-07,Australia,192.0,10214.81
2011-02-15,Australia,14022.92,24237.73
2011-02-27,Australia,412.55,24650.28
2011-03-03,Australia,16558.14,41208.42
2011-03-09,Australia,210.9,41419.32
2011-03-24,Australia,286.25,41705.57
2011-04-01,Australia,350.0,42055.57
2011-04-04,Australia,-13.2,42042.37
2011-04-08,Australia,421.6,42463.97
2011-04-28,Australia,-425.0,42038.97
2011-05-12,Australia,475.16,42514.13
2011-05-17,Australia,11924.8,54438.93
2011-05-20,Australia,766.36,55205.29
2011-05-23,Australia,472.09,55677.38
2011-05-31,Australia,-9.9,55667.48
2011-06-02,Australia,-23.0,55644.48
2011-06-15,Australia,23426.81,79071.29
2011-06-30,Australia,1760.96,80832.25
2011-07-13,Australia,2796.36,83628.61
2011-07-14,Australia,902.09,84530.7
2011-07-19,Australia,483.02,85013.72
2011-07-24,Australia,505.46,85519.18
2011-07-26,Australia,80.64,85599.82
2011-08-12,Australia,608.76,86208.58
2011-08-18,Australia,21880.44,108089.02
2011-09-01,Australia,2941.72,111030.74
2011-09-05,Australia,147.7,111178.44
2011-09-16,Australia,519.89,111698.33
2011-09-25,Australia,825.92,112524.25
2011-09-28,Australia,596.5,113120.75
2011-10-05,Australia,16471.77,129592.52
2011-10-06,Australia,678.76,130271.28
2011-11-02,Australia,450.24,130721.52
2011-11-03,Australia,375.24,131096.76
2011-11-04,Australia,338.71,131435.47
2011-11-15,Australia,5355.4,136790.87
2011-11-24,Australia,286.4,137077.27
2010-12-15,Austria,-20.16,-20.16
2010-12-17,Austria,277.2,257.04
2011-02-01,Austria,364.6,621.64
2011-02-02,Austria,153.76,775.4
2011-03-03,Austria,166.04,941.44
2011-03-23,Austria,1542.08,2483.52
2011-04-26,Austria,680.78,3164.3
2011-05-06,Austria,165.85,3330.15
2011-05-23,Austria,1083.58,4413.73
2011-06-14,Austria,-24.2,4389.53
2011-07-12,Austria,484.86,4874.39
2011-07-28,Austria,707.09,5581.48
2011-08-08,Austria,981.38,6562.86
2011-08-19,Austria,534.7,7097.56
2011-10-18,Austria,1043.78,8141.34
2011-11-13,Austria,586.85,8728.19
2011-11-14,Austria,742.93,9471.12
2011-12-08,Austria,683.2,10154.32
2010-12-20,Bahrain,205.74,205.74
2011-01-05,Bahrain,-205.74,0.0
2011-05-09,Bahrain,459.4,459.4
2011-05-19,Bahrain,89.0,548.4
2010-12-03,Belgium,346.1,346.1
2010-12-17,Belgium,625.16,971.26
2010-12-21,Belgium,237.93,1209.19
2010-12-22,Belgium,600.72,1809.91
2011-01-05,Belgium,-2.95,1806.96
2011-01-06,Belgium,-31.95,1775.01
2011-01-12,Belgium,651.16,2426.17
2011-01-19,Belgium,-11.25,2414.92
2011-01-20,Belgium,225.6,2640.52
2011-01-25,Belgium,323.44,2963.96
2011-02-03,Belgium,213.9,3177.86
2011-02-09,Belgium,84.3,3262.16
2011-02-11,Belgium,231.51,3493.67
2011-02-17,Belgium,1119.2,4612.87
2011-02-18,Belgium,-14.85,4598.02
2011-02-21,Belgium,192.31,4790.33
2011-02-24,Belgium,-4.9,4785.43
2011-02-25,Belgium,189.9,4975.33
2011-02-28,Belgium,149.95,5125.28
2011-03-01,Belgium,559.12,5684.4
2011-03-03,Belgium,410.0,6094.4
2011-03-10,Belgium,-18.4,6076.0
2011-03-14,Belgium,357.07,6433.07
2011-03-20,Belgium,226.3,6659.37
2011-03-21,Belgium,347.35,7006.72
2011-03-23,Belgium,614.55,7621.27
2011-03-24,Belgium,837.59,8458.86
2011-04-07,Belgium,240.88,8699.74
2011-04-08,Belgium,-14.85,8684.89
2011-04-10,Belgium,476.49,9161.38
2011-04-12,Belgium,344.57,9505.95
2011-04-15,Belgium,142.16,9648.11
2011-04-18,Belgium,269.66,9917.77
2011-04-28,Belgium,495.24,10413.01
2011-05-05,Belgium,149.97,10562.98
2011-05-06,Belgium,381.08,10944.06
2011-05-10,Belgium,480.9,11424.96
2011-05-12,Belgium,181.82,11606.78
2011-05-17,Belgium,297.38,11904.16
2011-05-23,Belgium,514.82,12418.98
2011-05-24,Belgium,-5.4,12413.58
2011-05-27,Belgium,726.43,13140.01
2011-06-01,Belgium,84.92,13224.93
2011-06-05,Belgium,1296.12,14521.05
2011-06-07,Belgium,607.55,15128.6
2011-06-08,Belgium,99.45,15228.05
2011-06-09,Belgium,130.08,15358.13
2011-06-17,Belgium,992.02,16350.15
2011-06-22,Belgium,459.84,16809.99
2011-06-23,Belgium,440.94,17250.93
2011-06-29,Belgium,-1.65,17249.28
2011-06-30,Belgium,163.9,17413.18
2011-07-06,Belgium,719.06,18132.24
2011-07-07,Belgium,301.81,18434.05
2011-07-13,Belgium,45.6,18479.65
2011-07-27,Belgium,1214.81,19694.46
2011-07-28,Belgium,192.34,19886.8
2011-08-02,Belgium,777.95,20664.75
2011-08-04,Belgium,355.56,21020.31
2011-08-11,Belgium,469.25,21489.56
2011-08-12,Belgium,209.62,21699.18
2011-08-19,Belgium,771.97,22471.15
2011-08-25,Belgium,752.79,23223.94
2011-08-31,Belgium,198.98,23422.92
2011-09-02,Belgium,632.08,24055.0
2011-09-09,Belgium,1087.7,25142.7
2011-09-19,Belgium,392.4,25535.1
2011-09-21,Belgium,549.84,26084.94
2011-09-22,Belgium,705.81,26790.75
2011-09-28,Belgium,829.99,27620.74
2011-10-04,Belgium,346.68,27967.42
2011-10-10,Belgium,332.68,28300.1
2011-10-11,Belgium,355.8,28655.9
2011-10-13,Belgium,1491.59,30147.49
2011-10-14,Belgium,450.86,30598.35
2011-10-17,Belgium,358.99,30957.34
2011-10-21,Belgium,300.76,31258.1
2011-10-24,Belgium,-34.0,31224.1
2011-10-26,Belgium,786.95,32011.05
2011-10-28,Belgium,499.16,32510.21
2011-10-30,Belgium,299.06,32809.27
2011-10-31,Belgium,462.85,33272.12
2011-11-04,Belgium,1673.03,34945.15
2011-11-07,Belgium,739.5,35684.65
2011-11-08,Belgium,506.55,36191.2
2011-11-10,Belgium,-19.95,36171.25
2011-11-17,Belgium,1492.31,37663.56
2011-11-18,Belgium,1040.39,38703.95
2011-11-20,Belgium,265.83,38969.78
2011-11-22,Belgium,301.25,39271.03
2011-11-24,Belgium,-2.55,39268.48
2011-11-28,Belgium,-48.85,39219.63
2011-11-29,Belgium,281.9,39501.53
2011-12-02,Belgium,302.02,39803.55
2011-12-06,Belgium,898.77,40702.32
2011-12-09,Belgium,208.64,40910.96
2011-04-15,Brazil,1143.6,1143.6
2011-03-14,Canada,140.54,140.54
2011-05-04,Canada,534.24,674.78
2011-06-20,Canada,1171.46,1846.24
2011-07-11,Canada,1217.64,3063.88
2011-07-15,Canada,550.94,3614.82
2011-08-25,Canada,51.56,3666.38
2010-12-09,Channel Islands,363.53,363.53
2011-01-27,Channel Islands,675.58,1039.11
2011-01-31,Channel Islands,-30.5,1008.61
2011-02-15,Channel Islands,1784.71,2793.32
2011-03-02,Channel Islands,828.84,3622.16
2011-03-09,Channel Islands,1576.36,5198.52
2011-03-10,Channel Islands,1104.13,6302.65
2011-04-13,Channel Islands,293.0,6595.65
2011-05-17,Channel Islands,0.0,6595.65
2011-05-19,Channel Islands,914.24,7509.89
2011-05-25,Channel Islands,-10.45,7499.44
2011-06-17,Channel Islands,2060.03,9559.47
2011-08-01,Channel Islands,759.56,10319.03
2011-08-18,Channel Islands,-4.25,10314.78
2011-08-21,Channel Islands,1432.0,11746.78
2011-08-23,Channel Islands,2705.22,14452.0
2011-09-19,Channel Islands,1062.1,15514.1
2011-09-26,Channel Islands,261.65,15775.75
2011-09-28,Channel Islands,-2.1,15773.65
2011-10-05,Channel Islands,1761.0,17534.65
2011-10-14,Channel Islands,862.32,18396.97
2011-11-06,Channel Islands,1303.14,19700.11
2011-11-17,Channel Islands,211.63,19911.74
2011-11-30,Channel Islands,-19.6,19892.14
2011-12-05,Channel Islands,198.4,20090.54
2011-12-08,Channel Islands,-4.25,20086.29
2010-12-14,Cyprus,1590.82,1590.82
2011-01-12,Cyprus,547.5,2138.32
2011-02-07,Cyprus,1993.96,4132.28
2011-02-16,Cyprus,1683.9,5816.18
2011-02-17,Cyprus,15.0,5831.18
2011-02-21,Cyprus,320.69,6151.87
2011-03-10,Cyprus,938.39,7090.26
2011-04-13,Cyprus,-35.8,7054.46
2011-06-03,Cyprus,1109.32,8163.78
2011-09-19,Cyprus,196.35,8360.13
2011-10-04,Cyprus,0.0,8360.13
2011-10-07,Cyprus,600.39,8960.52
2011-10-13,Cyprus,2876.85,11837.37
2011-10-19,Cyprus,739.28,12576.65
2011-11-18,Cyprus,460.89,13037.54
2011-12-02,Cyprus,-91.25,12946.29
2011-02-28,Czech Republic,549.26,549.26
2011-04-01,Czech Republic,-57.51,491.75
2011-10-07,Czech Republic,277.48,769.23
2011-11-18,Czech Republic,-61.51,707.72
2010-12-09,Denmark,1281.5,1281.5
2011-02-16,Denmark,399.22,1680.72
2011-03-17,Denmark,3978.99,5659.71
2011-05-11,Denmark,515.7,6175.41
2011-06-09,Denmark,1621.25,7796.66
2011-06-20,Denmark,1125.4,8922.06
2011-06-23,Denmark,514.5,9436.56
2011-07-25,Denmark,376.24,9812.8
2011-08-09,Denmark,-134.55,9678.25
2011-08-10,Denmark,213.15,9891.4
2011-09-21,Denmark,3850.9,13742.3
2011-09-26,Denmark,336.14,14078.44
2011-09-29,Denmark,383.12,14461.56
2011-10-07,Denmark,891.4,15352.96
2011-10-11,Denmark,171.66,15524.62
2011-10-17,Denmark,-34.65,15489.97
2011-10-21,Denmark,409.7,15899.67
2011-11-17,Denmark,1794.05,17693.72
2011-11-30,Denmark,905.52,18599.24
2011-12-05,Denmark,168.9,18768.14
2010-12-01,EIRE,555.38,555.38
2010-12-02,EIRE,15.0,570.38
2010-12-03,EIRE,2576.85,3147.23
2010-12-06,EIRE,1182.5,4329.73
2010-12-09,EIRE,945.55,5275.28
2010-12-10,EIRE,1156.05,6431.33
2010-12-16,EIRE,486.56,6917.89
2010-12-17,EIRE,1424.12,8342.01
2010-12-19,EIRE,411.1,8753.11
2010-12-20,EIRE,-760.31,7992.8
2010-12-21,EIRE,762.3,8755.1
2010-12-23,EIRE,274.85,9029.95
2011-01-05,EIRE,-232.67,8797.28
2011-01-09,EIRE,258.0,9055.28
2011-01-10,EIRE,-15.0,9040.28
2011-01-14,EIRE,16774.72,25815.0
2011-01-18,EIRE,465.58,26280.58
2011-01-20,EIRE,2756.84,29037.42
2011-01-24,EIRE,282.44,29319.86
2011-01-26,EIRE,802.56,30122.42
2011-01-27,EIRE,564.05,30686.47
2011-02-01,EIRE,797.77,31484.24
2011-02-02,EIRE,15.0,31499.24
2011-02-03,EIRE,788.06,32287.3
2011-02-04,EIRE,229.6,32516.9
2011-02-08,EIRE,-25.8,32491.1
2011-02-14,EIRE,3120.71,35611.81
2011-02-15,EIRE,4362.5,39974.31
2011-02-17,EIRE,281.12,40255.43
2011-02-18,EIRE,162.7,40418.13
2011-02-21,EIRE,1011.08,41429.21
2011-02-23,EIRE,1480.2,42909.41
2011-02-25,EIRE,-2548.8,40360.61
2011-03-01,EIRE,2541.15,42901.76
2011-03-03,EIRE,-10.2,42891.56
2011-03-04,EIRE,1185.49,44077.05
2011-03-10,EIRE,6162.02,50239.07
2011-03-11,EIRE,0.0,50239.07
2011-03-14,EIRE,1825.25,52064.32
2011-03-15,EIRE,3389.6,55453.92
2011-03-17,EIRE,376.83,55830.75
2011-03-18,EIRE,743.71,56574.46
2011-03-20,EIRE,197.8,56772.26
2011-03-24,EIRE,415.45,57187.71
2011-03-25,EIRE,750.37,57938.08
2011-03-27,EIRE,-24.79,57913.29
2011-03-28,EIRE,539.0,58452.29
2011-03-29,EIRE,523.15,58975.44
2011-03-31,EIRE,168.4,59143.84
2011-04-01,EIRE,1407.19,60551.03
2011-04-04,EIRE,2448.12,62999.15
2011-04-06,EIRE,955.99,63955.14
2011-04-07,EIRE,583.41,64538.55
2011-04-11,EIRE,998.53,65537.08
2011-04-17,EIRE,446.74,65983.82
2011-04-19,EIRE,367.62,66351.44
2011-04-27,EIRE,362.9,66714.34
2011-05-03,EIRE,1164.21,67878.55
2011-05-05,EIRE,356.91,68235.46
2011-05-06,EIRE,3869.18,72104.64
2011-05-08,EIRE,862.53,72967.17
2011-05-10,EIRE,810.45,73777.62
2011-05-15,EIRE,603.78,74381.4
2011-05-16,EIRE,4615.36,78996.76
2011-05-17,EIRE,1164.76,80161.52
2011-05-18,EIRE,1414.36,81575.88
2011-05-19,EIRE,1203.8,82779.68
2011-05-20,EIRE,380.32,83160.0
2011-05-23,EIRE,1007.75,84167.75
2011-05-24,EIRE,-20.3,84147.45
2011-05-26,EIRE,488.24,84635.69
2011-06-01,EIRE,-7.5,84628.19
2011-06-06,EIRE,958.12,85586.31
2011-06-07,EIRE,254.31,85840.62
2011-06-08,EIRE,3351.32,89191.94
2011-06-09,EIRE,984.27,90176.21
2011-06-13,EIRE,821.32,90997.53
2011-06-15,EIRE,4483.58,95481.11
2011-06-16,EIRE,1012.86,96493.97
2011-06-17,EIRE,626.13,97120.1
2011-06-19,EIRE,303.3,97423.4
2011-06-20,EIRE,0.0,97423.4
2011-06-21,EIRE,-967.44,96455.96
2011-06-22,EIRE,1019.2,97475.16
2011-06-23,EIRE,366.6,97841.76
2011-06-24,EIRE,1542.51,99384.27
2011-06-27,EIRE,816.32,100200.59
2011-06-29,EIRE,3738.99,103939.58
2011-06-30,EIRE,756.36,104695.94
2011-07-01,EIRE,1794.18,106490.12
2011-07-04,EIRE,1170.8,107660.92
2011-07-05,EIRE,205.6,107866.52
2011-07-08,EIRE,-12.75,107853.77
2011-07-14,EIRE,1796.17,109649.94
2011-07-18,EIRE,1077.53,110727.47
2011-07-19,EIRE,13566.39,124293.86
2011-07-21,EIRE,1338.29,125632.15
2011-07-26,EIRE,384.47,126016.62
2011-07-27,EIRE,764.51,126781.13
2011-07-28,EIRE,5406.15,132187.28
2011-07-29,EIRE,728.94,132916.22
2011-07-31,EIRE,14520.37,147436.59
2011-08-04,EIRE,0.0,147436.59
2011-08-05,EIRE,1572.73,149009.32
2011-08-08,EIRE,820.06,149829.38
2011-08-10,EIRE,131.87,149961.25
2011-08-11,EIRE,1672.4,151633.65
2011-08-12,EIRE,2165.63,153799.28
2011-08-14,EIRE,-434.51,153364.77
2011-08-15,EIRE,467.42,153832.19
2011-08-16,EIRE,-63.94,153768.25
2011-08-17,EIRE,2198.04,155966.29
2011-08-18,EIRE,49.93,156016.22
2011-08-19,EIRE,989.49,157005.71
2011-08-21,EIRE,458.9,157464.61
2011-08-23,EIRE,809.52,158274.13
2011-08-26,EIRE,1452.16,159726.29
2011-08-30,EIRE,-132.23,159594.06
2011-09-01,EIRE,3880.56,163474.62
2011-09-02,EIRE,749.13,164223.75
2011-09-04,EIRE,629.04,164852.79
2011-09-05,EIRE,8343.86,173196.65
2011-09-06,EIRE,4234.19,177430.84
2011-09-07,EIRE,3415.29,180846.13
2011-09-08,EIRE,2091.06,182937.19
2011-09-09,EIRE,-89.65,182847.54
2011-09-14,EIRE,744.91,183592.45
2011-09-15,EIRE,678.83,184271.28
2011-09-19,EIRE,644.33,184915.61
2011-09-20,EIRE,1755.69,186671.3
2011-09-21,EIRE,381.22,187052.52
2011-09-22,EIRE,1254.42,188306.94
2011-09-23,EIRE,3498.75,191805.69
2011-09-26,EIRE,1156.14,192961.83
2011-09-27,EIRE,772.95,193734.78
2011-09-28,EIRE,2334.49,196069.27
2011-09-30,EIRE,6163.84,202233.11
2011-10-06,EIRE,421.3,202654.41
2011-10-07,EIRE,904.14,203558.55
2011-10-10,EIRE,3160.78,206719.33
2011-10-11,EIRE,1575.79,208295.12
2011-10-12,EIRE,1422.76,209717.88
2011-10-14,EIRE,406.84,210124.72
2011-10-17,EIRE,5449.12,215573.84
2011-10-18,EIRE,1512.17,217086.01
2011-10-19,EIRE,1588.75,218674.76
2011-10-20,EIRE,3566.45,222241.21
2011-10-21,EIRE,1680.03,223921.24
2011-10-24,EIRE,618.82,224540.06
2011-10-27,EIRE,-97.9,224442.16
2011-10-30,EIRE,501.66,224943.82
2011-10-31,EIRE,596.91,225540.73
2011-11-01,EIRE,2047.05,227587.78
2011-11-02,EIRE,-16.75,227571.03
2011-11-04,EIRE,-100.36,227470.67
2011-11-07,EIRE,1157.33,228628.0
2011-11-08,EIRE,-37.09,228590.91
2011-11-09,EIRE,810.14,229401.05
2011-11-10,EIRE,1003.03,230404.08
2011-11-11,EIRE,2506.77,232910.85
2011-11-13,EIRE,4454.44,237365.29
2011-11-14,EIRE,348.21,237713.5
2011-11-15,EIRE,2246.31,239959.81
2011-11-16,EIRE,4906.29,244866.1
2011-11-17,EIRE,1602.42,246468.52
2011-11-18,EIRE,683.01,247151.53
2011-11-20,EIRE,917.54,248069.07
2011-11-21,EIRE,900.6,248969.67
2011-11-22,EIRE,2032.32,251001.99
2011-11-23,EIRE,147.48,251149.47
2011-11-24,EIRE,207.14,251356.61
2011-11-25,EIRE,293.79,251650.4
2011-11-27,EIRE,829.91,252480.31
2011-11-28,EIRE,1878.83,254359.14
2011-11-30,EIRE,1594.64,255953.78
2011-12-01,EIRE,1021.07,256974.85
2011-12-04,EIRE,773.54,257748.39
2011-12-05,EIRE,587.4,258335.79
2011-12-07,EIRE,3856.89,262192.68
2011-12-08,EIRE,1084.14,263276.82
2011-04-26,European Community,191.4,191.4
2011-06-05,European Community,387.05,578.45
2011-06-06,European Community,45.0,623.45
2011-06-10,European Community,-8.5,614.95
2011-07-21,European Community,676.8,1291.75
2010-12-16,Finland,892.8,892.8
2011-01-21,Finland,661.58,1554.38
2011-01-25,Finland,227.44,1781.82
2011-02-24,Finland,205.16,1986.98
2011-03-01,Finland,4969.22,6956.2
2011-03-20,Finland,409.2,7365.4
2011-03-21,Finland,-12.2,7353.2
2011-03-30,Finland,558.4,7911.6
2011-04-05,Finland,367.0,8278.6
2011-04-07,Finland,-62.11,8216.49
2011-04-11,Finland,373.72,8590.21
2011-04-15,Finland,306.2,8896.41
2011-04-21,Finland,642.0,9538.41
2011-06-23,Finland,329.56,9867.97
2011-07-05,Finland,632.44,10500.41
2011-07-14,Finland,1710.39,12210.8
2011-07-19,Finland,653.9,12864.7
2011-08-04,Finland,360.81,13225.51
2011-08-11,Finland,605.14,13830.65
2011-08-23,Finland,-4.95,13825.7
2011-08-26,Finland,410.55,14236.25
2011-09-02,Finland,230.3,14466.55
2011-09-13,Finland,319.6,14786.15
2011-09-22,Finland,245.55,15031.7
2011-09-25,Finland,310.0,15341.7
2011-10-04,Finland,310.0,15651.7
2011-10-12,Finland,936.93,16588.63
2011-10-13,Finland,640.5,17229.13
2011-10-27,Finland,701.79,17930.92
2011-10-31,Finland,214.9,18145.82
2011-11-04,Finland,1241.28,19387.1
2011-11-14,Finland,408.34,19795.44
2011-11-17,Finland,194.33,19989.77
2011-11-23,Finland,310.0,20299.77
2011-11-29,Finland,227.2,20526.97
2011-11-30,Finland,569.09,21096.06
2011-12-01,Finland,890.0,21986.06
2011-12-02,Finland,342.76,22328.82
2011-12-07,Finland,-2.08,22326.74
2010-12-01,France,855.86,855.86
2010-12-03,France,425.38,1281.24
2010-12-05,France,1526.92,2808.16
2010-12-07,France,1448.98,4257.14
2010-12-08,France,173.55,4430.69
2010-12-09,France,1832.58,6263.27
2010-12-10,France,1071.9,7335.17
2010-12-15,France,195.89,7531.06
2010-12-16,France,-8.85,7522.21
2010-12-17,France,350.28,7872.49
2010-12-20,France,1371.19,9243.68
2010-12-21,France,221.28,9464.96
2010-12-22,France,110.4,9575.36
2011-01-05,France,1369.28,10944.64
2011-01-06,France,745.02,11689.66
2011-01-07,France,1065.09,12754.75
2011-01-09,France,114.0,12868.75
2011-01-10,France,1238.06,14106.81
2011-01-11,France,1512.64,15619.45
2011-01-12,France,1405.68,17025.13
2011-01-14,France,1790.43,18815.56
2011-01-17,France,732.14,19547.7
2011-01-19,France,752.75,20300.45
2011-01-20,France,1472.88,21773.33
2011-01-21,France,-5.45,21767.88
2011-01-23,France,514.5,22282.38
2011-01-24,France,190.2,22472.58
2011-01-25,France,3.45,22476.03
2011-01-27,France,-14.65,22461.38
2011-01-28,France,1079.83,23541.21
2011-01-31,France,3537.22,27078.43
2011-02-01,France,510.85,27589.28
2011-02-02,France,641.39,28230.67
2011-02-04,France,1236.73,29467.4
2011-02-08,France,201.86,29669.26
2011-02-09,France,455.02,30124.28
2011-02-10,France,321.56,30445.84
2011-02-14,France,-6.3,30439.54
2011-02-15,France,237.6,30677.14
2011-02-16,France,901.66,31578.8
2011-02-17,France,250.0,31828.8
2011-02-18,France,964.4,32793.2
2011-02-21,France,746.82,33540.02
2011-02-22,France,-24.55,33515.47
2011-02-23,France,439.76,33955.23
2011-02-27,France,110.6,34065.83
2011-02-28,France,1451.51,35517.34
2011-03-01,France,1146.26,36663.6
2011-03-03,France,573.16,37236.76
2011-03-04,France,317.25,37554.01
2011-03-07,France,-20.4,37533.61
2011-03-08,France,-37.25,37496.36
2011-03-11,France,712.85,38209.21
2011-03-13,France,343.29,38552.5
2011-03-14,France,479.4,39031.9
2011-03-15,France,550.54,39582.44
2011-03-16,France,262.8,39845.24
2011-03-20,France,316.02,40161.26
2011-03-21,France,205.87,40367.13
2011-03-22,France,523.98,40891.11
2011-03-23,France,1891.28,42782.39
2011-03-25,France,357.91,43140.3
2011-03-27,France,164.05,43304.35
2011-03-28,France,1136.3,44440.65
2011-03-31,France,5593.59,50034.24
2011-04-01,France,382.8,50417.04
2011-04-04,France,719.55,51136.59
2011-04-05,France,0.0,51136.59
2011-04-07,France,366.2,51502.79
2011-04-11,France,-38.25,51464.54
2011-04-14,France,615.2,52079.74
2011-04-17,France,630.22,52709.96
2011-04-18,France,-86.0,52623.96
2011-04-20,France,541.2,53165.16
2011-04-21,France,706.55,53871.71
2011-04-26,France,160.54,54032.25
2011-04-27,France,-11.9,54020.35
2011-04-28,France,209.1,54229.45
2011-05-03,France,1823.34,56052.79
2011-05-05,France,236.0,56288.79
2011-05-08,France,1056.43,57345.22
2011-05-09,France,537.9,57883.12
2011-05-10,France,489.1,58372.22
2011-05-11,France,3018.73,61390.95
2011-05-12,France,296.53,61687.48
2011-05-13,France,1000.51,62687.99
2011-05-15,France,151.4,62839.39
2011-05-16,France,756.62,63596.01
2011-05-17,France,793.62,64389.63
2011-05-18,France,869.53,65259.16
2011-05-19,France,914.51,66173.67
2011-05-20,France,1100.55,67274.22
2011-05-22,France,910.71,68184.93
2011-05-23,France,421.96,68606.89
2011-05-24,France,393.34,69000.23
2011-05-25,France,1280.82,70281.05
2011-05-26,France,630.5,70911.55
2011-05-27,France,403.09,71314.64
2011-05-31,France,441.89,71756.53
2011-06-05,France,3442.51,75199.04
2011-06-06,France,371.45,75570.49
2011-06-08,France,1311.74,76882.23
2011-06-09,France,1030.59,77912.82
2011-06-10,France,480.0,78392.82
2011-06-12,France,360.18,78753.0
2011-06-13,France,2399.62,81152.62
2011-06-15,France,1856.11,83008.73
2011-06-16,France,510.27,83519.0
2011-06-17,France,1319.38,84838.38
2011-06-19,France,125.46,84963.84
2011-06-20,France,734.56,85698.4
2011-06-21,France,257.3,85955.7
2011-06-22,France,852.44,86808.14
2011-06-24,France,634.74,87442.88
2011-06-27,France,201.24,87644.12
2011-06-28,France,134.28,87778.4
2011-06-30,France,-30.0,87748.4
2011-07-01,France,451.86,88200.26
2011-07-04,France,474.36,88674.62
2011-07-05,France,644.45,89319.07
2011-07-06,France,1056.62,90375.69
2011-07-08,France,1193.25,91568.94
2011-07-11,France,611.08,92180.02
2011-07-12,France,1223.85,93403.87
2011-07-13,France,915.46,94319.33
2011-07-17,France,150.1,94469.43
2011-07-18,France,1866.08,96335.51
2011-07-19,France,99.6,96435.11
2011-07-21,France,-46.65,96388.46
2011-07-24,France,412.93,96801.39
2011-07-27,France,204.75,97006.14
2011-07-28,France,-46.65,96959.49
2011-07-29,France,677.9,97637.39
2011-08-02,France,85.8,97723.19
2011-08-03,France,1202.22,98925.41
2011-08-04,France,511.03,99436.44
2011-08-05,France,830.3,100266.74
2011-08-10,France,248.35,100515.09
2011-08-12,France,391.18,100906.27
2011-08-14,France,46.65,100952.92
2011-08-15,France,1161.07,102113.99
2011-08-17,France,580.08,102694.07
2011-08-18,France,764.79,103458.86
2011-08-19,France,612.29,104071.15
2011-08-21,France,528.77,104599.92
2011-08-23,France,947.36,105547.28
2011-08-24,France,428.91,105976.19
2011-08-25,France,2169.21,108145.4
2011-08-26,France,1130.95,109276.35
2011-08-31,France,2150.3,111426.65
2011-09-02,France,942.76,112369.41
2011-09-04,France,891.82,113261.23
2011-09-05,France,879.53,114140.76
2011-09-07,France,2889.76,117030.52
2011-09-08,France,1461.49,118492.01
2011-09-09,France,2074.8,120566.81
2011-09-11,France,112.38,120679.19
2011-09-13,France,94.32,120773.51
2011-09-14,France,357.32,121130.83
2011-09-15,France,2656.31,123787.14
2011-09-16,France,-25.5,123761.64
2011-09-19,France,2035.05,125796.69
2011-09-20,France,377.66,126174.35
2011-09-21,France,1083.76,127258.11
2011-09-22,France,1661.7,128919.81
2011-09-23,France,790.54,129710.35
2011-09-25,France,775.99,130486.34
2011-09-26,France,-15.2,130471.14
2011-09-27,France,164.05,130635.19
2011-09-28,France,644.75,131279.94
2011-09-29,France,1395.68,132675.62
2011-09-30,France,1949.9,134625.52
2011-10-03,France,358.4,134983.92
2011-10-04,France,357.3,135341.22
2011-10-05,France,2059.2,137400.42
2011-10-06,France,145.2,137545.62
2011-10-07,France,675.36,138220.98
2011-10-10,France,410.08,138631.06
2011-10-11,France,4242.86,142873.92
2011-10-12,France,1360.29,144234.21
2011-10-13,France,331.72,144565.93
2011-10-14,France,452.76,145018.69
2011-10-17,France,-3.18,145015.51
2011-10-18,France,-2.12,145013.39
2011-10-19,France,2792.96,147806.35
2011-10-20,France,1056.9,148863.25
2011-10-27,France,1103.79,149967.04
2011-10-28,France,8990.46,158957.5
2011-10-30,France,214.74,159172.24
2011-10-31,France,485.32,159657.56
2011-11-01,France,1829.81,161487.37
2011-11-02,France,633.44,162120.81
2011-11-03,France,1567.38,163688.19
2011-11-04,France,399.51,164087.7
2011-11-07,France,288.67,164376.37
2011-11-08,France,1380.27,165756.64
2011-11-09,France,1068.82,166825.46
2011-11-10,France,2128.03,168953.49
2011-11-11,France,2358.91,171312.4
2011-11-13,France,123.08,171435.48
2011-11-14,France,1666.42,173101.9
2011-11-15,France,809.22,173911.12
2011-11-16,France,1575.28,175486.4
2011-11-17,France,3254.12,178740.52
2011-11-18,France,1072.68,179813.2
2011-11-20,France,838.71,180651.91
2011-11-21,France,397.72,181049.63
2011-11-22,France,943.63,181993.26
2011-11-23,France,348.38,182341.64
2011-11-24,France,1982.67,184324.31
2011-11-25,France,1206.31,185530.62
2011-11-28,France,733.27,186263.89
2011-11-29,France,1339.12,187603.01
2011-11-30,France,2752.06,190355.07
2011-12-01,France,931.39,191286.46
2011-12-02,France,1370.36,192656.82
2011-12-04,France,1031.89,193688.71
2011-12-05,France,797.48,194486.19
2011-12-06,France,1403.94,195890.13
2011-12-07,France,1117.62,197007.75
2011-12-08,France,146.7,197154.45
2011-12-09,France,249.45,197403.9
2010-12-01,Germany,139.18,139.18
2010-12-02,Germany,138.35,277.53
2010-12-03,Germany,555.53,833.06
2010-12-05,Germany,2476.69,3309.75
2010-12-06,Germany,162.44,3472.19
2010-12-07,Germany,596.8,4068.99
2010-12-08,Germany,509.95,4578.94
2010-12-09,Germany,891.79,5470.73
2010-12-10,Germany,2360.41,7831.14
2010-12-13,Germany,-12.45,7818.69
2010-12-15,Germany,-52.9,7765.79
2010-12-16,Germany,-11.55,7754.24
2010-12-17,Germany,4672.82,12427.06
2010-12-19,Germany,469.87,12896.93
2010-12-20,Germany,331.31,13228.24
2010-12-23,Germany,1334.6,14562.84
2011-01-05,Germany,-148.54,14414.3
2011-01-06,Germany,-6.6,14407.7
2011-01-07,Germany,3976.13,18383.83
2011-01-10,Germany,660.43,19044.26
2011-01-11,Germany,144.26,19188.52
2011-01-12,Germany,249.4,19437.92
2011-01-13,Germany,753.45,20191.37
2011-01-14,Germany,534.02,20725.39
2011-01-17,Germany,1316.9,22042.29
2011-01-18,Germany,132.52,22174.81
2011-01-19,Germany,63.0,22237.81
2011-01-21,Germany,-62.25,22175.56
2011-01-24,Germany,2364.78,24540.34
2011-01-25,Germany,2372.14,26912.48
2011-01-26,Germany,1175.76,28088.24
2011-01-27,Germany,673.53,28761.77
2011-01-28,Germany,-79.71,28682.06
2011-01-31,Germany,2332.21,31014.27
2011-02-01,Germany,264.65,31278.92
2011-02-02,Germany,50.1,31329.02
2011-02-03,Germany,1642.54,32971.56
2011-02-04,Germany,-71.9,32899.66
2011-02-07,Germany,-94.93,32804.73
2011-02-08,Germany,-125.93,32678.8
2011-02-09,Germany,168.9,32847.7
2011-02-10,Germany,351.95,33199.65
2011-02-11,Germany,2231.15,35430.8
2011-02-14,Germany,769.74,36200.54
2011-02-17,Germany,540.58,36741.12
2011-02-18,Germany,152.4,36893.52
2011-02-21,Germany,1401.29,38294.81
2011-02-23,Germany,388.3,38683.11
2011-02-25,Germany,1300.4,39983.51
2011-03-01,Germany,762.5,40746.01
2011-03-03,Germany,725.28,41471.29
2011-03-07,Germany,817.56,42288.85
2011-03-08,Germany,884.63,43173.48
2011-03-11,Germany,973.17,44146.65
2011-03-14,Germany,-44.85,44101.8
2011-03-16,Germany,300.7,44402.5
2011-03-17,Germany,1311.45,45713.95
2011-03-18,Germany,2390.93,48104.88
2011-03-20,Germany,363.93,48468.81
2011-03-22,Germany,1319.98,49788.79
2011-03-24,Germany,-45.15,49743.64
2011-03-25,Germany,2645.14,52388.78
2011-03-27,Germany,-3.75,52385.03
2011-03-28,Germany,1087.47,53472.5
2011-03-30,Germany,364.05,53836.55
2011-03-31,Germany,316.98,54153.53
2011-04-01,Germany,348.68,54502.21
2011-04-04,Germany,674.29,55176.5
2011-04-05,Germany,-56.35,55120.15
2011-04-06,Germany,-5.46,55114.69
2011-04-07,Germany,415.7,55530.39
2011-04-08,Germany,1666.6,57196.99
2011-04-11,Germany,630.32,57827.31
2011-04-14,Germany,3439.06,61266.37
2011-04-18,Germany,0.0,61266.37
2011-04-19,Germany,2590.9,63857.27
2011-04-20,Germany,417.6,64274.87
2011-04-21,Germany,382.6,64657.47
2011-04-26,Germany,-37.25,64620.22
2011-04-27,Germany,1209.8,65830.02
2011-04-28,Germany,286.88,66116.9
2011-05-01,Germany,1094.33,67211.23
2011-05-03,Germany,-13.1,67198.13
2011-05-04,Germany,822.74,68020.87
2011-05-05,Germany,440.38,68461.25
2011-05-06,Germany,240.98,68702.23
2011-05-09,Germany,624.48,69326.71
2011-05-10,Germany,797.05,70123.76
2011-05-11,Germany,369.05,70492.81
2011-05-12,Germany,12165.25,82658.06
2011-05-13,Germany,881.2,83539.26
2011-05-17,Germany,742.28,84281.54
2011-05-19,Germany,2059.22,86340.76
2011-05-20,Germany,-29.9,86310.86
2011-05-22,Germany,1703.81,88014.67
2011-05-23,Germany,985.88,89000.55
2011-05-24,Germany,293.25,89293.8
2011-05-26,Germany,1027.53,90321.33
2011-05-27,Germany,716.73,91038.06
2011-05-29,Germany,582.73,91620.79
2011-05-31,Germany,67.46,91688.25
2011-06-01,Germany,613.79,92302.04
2011-06-02,Germany,1970.88,94272.92
2011-06-03,Germany,68.1,94341.02
2011-06-05,Germany,1002.63,95343.65
2011-06-06,Germany,489.45,95833.1
2011-06-07,Germany,-40.46,95792.64
2011-06-09,Germany,475.14,96267.78
2011-06-10,Germany,627.4,96895.18
2011-06-12,Germany,583.2,97478.38
2011-06-13,Germany,2557.64,100036.02
2011-06-16,Germany,679.15,100715.17
2011-06-20,Germany,1920.4,102635.57
2011-06-21,Germany,427.76,103063.33
2011-06-23,Germany,276.93,103340.26
2011-06-24,Germany,185.64,103525.9
2011-06-26,Germany,44.25,103570.15
2011-06-30,Germany,1199.12,104769.27
2011-07-01,Germany,37.27,104806.54
2011-07-04,Germany,1028.42,105834.96
2011-07-07,Germany,1183.29,107018.25
2011-07-08,Germany,1001.69,108019.94
2011-07-12,Germany,558.96,108578.9
2011-07-13,Germany,281.71,108860.61
2011-07-14,Germany,1550.83,110411.44
2011-07-15,Germany,1337.11,111748.55
2011-07-17,Germany,345.23,112093.78
2011-07-19,Germany,2438.5,114532.28
2011-07-20,Germany,947.97,115480.25
2011-07-21,Germany,1905.63,117385.88
2011-07-22,Germany,768.02,118153.9
2011-07-24,Germany,612.1,118766.0
2011-07-25,Germany,1131.18,119897.18
2011-07-26,Germany,-147.9,119749.28
2011-07-27,Germany,440.7,120189.98
2011-07-28,Germany,385.14,120575.12
2011-07-29,Germany,-84.19,120490.93
2011-08-01,Germany,1089.18,121580.11
2011-08-02,Germany,1135.27,122715.38
2011-08-03,Germany,221.04,122936.42
2011-08-04,Germany,1249.93,124186.35
2011-08-05,Germany,1066.1,125252.45
2011-08-07,Germany,107.4,125359.85
2011-08-08,Germany,416.65,125776.5
2011-08-09,Germany,102.98,125879.48
2011-08-11,Germany,-9.95,125869.53
2011-08-12,Germany,-36.05,125833.48
2011-08-15,Germany,378.12,126211.6
2011-08-16,Germany,115.3,126326.9
2011-08-17,Germany,748.06,127074.96
2011-08-19,Germany,877.63,127952.59
2011-08-21,Germany,324.83,128277.42
2011-08-22,Germany,2269.37,130546.79
2011-08-23,Germany,443.17,130989.96
2011-08-24,Germany,1691.43,132681.39
2011-08-25,Germany,620.15,133301.54
2011-08-26,Germany,405.13,133706.67
2011-08-30,Germany,403.83,134110.5
2011-08-31,Germany,5404.08,139514.58
2011-09-01,Germany,-37.7,139476.88
2011-09-02,Germany,378.86,139855.74
2011-09-04,Germany,2390.71,142246.45
2011-09-05,Germany,-19.03,142227.42
2011-09-06,Germany,1002.44,143229.86
2011-09-08,Germany,1235.38,144465.24
2011-09-09,Germany,-149.03,144316.21
2011-09-11,Germany,1653.89,145970.1
2011-09-13,Germany,199.8,146169.9
2011-09-14,Germany,351.65,146521.55
2011-09-16,Germany,1231.97,147753.52
2011-09-19,Germany,2170.84,149924.36
2011-09-20,Germany,128.28,150052.64
2011-09-21,Germany,1049.04,151101.68
2011-09-22,Germany,708.23,151809.91
2011-09-23,Germany,2569.5,154379.41
2011-09-26,Germany,704.04,155083.45
2011-09-27,Germany,402.45,155485.9
2011-09-28,Germany,359.92,155845.82
2011-09-29,Germany,1107.13,156952.95
2011-09-30,Germany,281.94,157234.89
2011-10-04,Germany,-7.05,157227.84
2011-10-05,Germany,4178.92,161406.76
2011-10-06,Germany,3915.78,165322.54
2011-10-07,Germany,2866.85,168189.39
2011-10-10,Germany,272.98,168462.37
2011-10-11,Germany,962.99,169425.36
2011-10-12,Germany,1231.46,170656.82
2011-10-13,Germany,2047.14,172703.96
2011-10-14,Germany,1925.28,174629.24
2011-10-17,Germany,3512.87,178142.11
2011-10-18,Germany,1315.27,179457.38
2011-10-19,Germany,2588.86,182046.24
2011-10-20,Germany,1118.05,183164.29
2011-10-21,Germany,1347.05,184511.34
2011-10-23,Germany,-15.7,184495.64
2011-10-24,Germany,-38.45,184457.19
2011-10-25,Germany,1097.16,185554.35
2011-10-26,Germany,119.74,185674.09
2011-10-27,Germany,309.21,185983.3
2011-10-28,Germany,1080.33,187063.63
2011-10-31,Germany,785.53,187849.16
2011-11-02,Germany,120.23,187969.39
2011-11-03,Germany,817.97,188787.36
2011-11-04,Germany,-21.65,188765.71
2011-11-06,Germany,1184.05,189949.76
2011-11-07,Germany,548.85,190498.61
2011-11-08,Germany,-237.26,190261.35
2011-11-09,Germany,447.75,190709.1
2011-11-10,Germany,294.74,191003.84
2011-11-11,Germany,2990.87,193994.71
2011-11-14,Germany,550.11,194544.82
2011-11-15,Germany,893.41,195438.23
2011-11-16,Germany,3594.12,199032.35
2011-11-17,Germany,3684.91,202717.26
2011-11-18,Germany,1102.72,203819.98
2011-11-20,Germany,219.0,204038.98
2011-11-21,Germany,366.45,204405.43
2011-11-22,Germany,1018.77,205424.2
2011-11-23,Germany,712.01,206136.21
2011-11-24,Germany,4244.42,210380.63
2011-11-25,Germany,125.22,210505.85
2011-11-28,Germany,1349.4,211855.25
2011-11-29,Germany,1358.86,213214.11
2011-11-30,Germany,679.4,213893.51
2011-12-01,Germany,695.87,214589.38
2011-12-02,Germany,37.83,214627.21
2011-12-04,Germany,1179.87,215807.08
2011-12-05,Germany,269.35,216076.43
2011-12-06,Germany,-36.65,216039.78
2011-12-07,Germany,2879.26,218919.04
2011-12-08,Germany,1089.45,220008.49
2011-12-09,Germany,1689.72,221698.21
2011-01-24,Greece,2661.24,2661.24
2011-03-04,Greece,387.31,3048.55
2011-04-08,Greece,609.74,3658.29
2011-07-11,Greece,371.24,4029.53
2011-12-06,Greece,680.99,4710.52
2011-01-24,Hong Kong,2439.76,2439.76
2011-03-15,Hong Kong,0.0,2439.76
2011-04-12,Hong Kong,1539.64,3979.4
2011-05-13,Hong Kong,1966.16,5945.56
2011-06-22,Hong Kong,633.96,6579.52
2011-08-23,Hong Kong,2813.95,9393.47
2011-09-19,Hong Kong,0.0,9393.47
2011-10-04,Hong Kong,-10.95,9382.52
2011-10-18,Hong Kong,423.42,9805.94
2011-10-28,Hong Kong,311.1,10117.04
2011-11-14,Hong Kong,0.0,10117.04
2010-12-07,Iceland,711.79,711.79
2011-01-26,Iceland,475.39,1187.18
2011-04-07,Iceland,636.25,1823.43
2011-06-09,Iceland,382.52,2205.95
2011-08-02,Iceland,584.91,2790.86
2011-10-31,Iceland,1294.32,4085.18
2011-12-07,Iceland,224.82,4310.0
2010-12-15,Israel,-227.44,-227.44
2011-01-10,Israel,379.84,152.4
2011-02-16,Israel,779.1,931.5
2011-04-01,Israel,110.0,1041.5
2011-07-14,Israel,1430.75,2472.25
2011-08-18,Israel,4873.81,7346.06
2011-09-09,Israel,423.73,7769.79
2011-10-04,Israel,138.03,7907.82
2010-12-03,Italy,427.8,427.8
2010-12-06,Italy,-17.0,410.8
2010-12-21,Italy,383.7,794.5
2011-01-05,Italy,-7.65,786.85
2011-01-13,Italy,1608.66,2395.51
2011-01-21,Italy,341.0,2736.51
2011-01-26,Italy,452.85,3189.36
2011-01-27,Italy,-33.5,3155.86
2011-02-11,Italy,-4.5,3151.36
2011-02-18,Italy,256.0,3407.36
2011-03-04,Italy,463.63,3870.99
2011-03-14,Italy,-9.9,3861.09
2011-03-17,Italy,1017.68,4878.77
2011-03-28,Italy,307.5,5186.27
2011-04-07,Italy,482.79,5669.06
2011-04-19,Italy,255.04,5924.1
2011-05-31,Italy,587.45,6511.55
2011-06-07,Italy,159.11,6670.66
2011-06-09,Italy,42.96,6713.62
2011-06-29,Italy,-39.8,6673.82
2011-07-26,Italy,147.1,6820.92
2011-08-04,Italy,-31.85,6789.07
2011-08-05,Italy,946.75,7735.82
2011-08-10,Italy,721.95,8457.77
2011-08-11,Italy,-11.55,8446.22
2011-08-25,Italy,309.5,8755.72
2011-09-20,Italy,279.8,9035.52
2011-10-06,Italy,-48.35,8987.17
2011-10-13,Italy,318.06,9305.23
2011-10-18,Italy,1193.32,10498.55
2011-10-24,Italy,722.4,11220.95
2011-10-25,Italy,435.09,11656.04
2011-10-26,Italy,-30.55,11625.49
2011-10-27,Italy,160.0,11785.49
2011-10-30,Italy,343.0,12128.49
2011-10-31,Italy,317.82,12446.31
2011-11-01,Italy,120.0,12566.31
2011-11-02,Italy,85.92,12652.23
2011-11-14,Italy,-103.2,12549.03
2011-11-17,Italy,248.2,12797.23
2011-11-18,Italy,1363.16,14160.39
2011-11-21,Italy,1757.55,15917.94
2011-11-22,Italy,611.19,16529.13
2011-11-23,Italy,358.73,16887.86
2011-11-30,Italy,-197.8,16690.06
2011-12-06,Italy,200.45,16890.51
2010-12-05,Japan,320.08,320.08
2010-12-09,Japan,3794.4,4114.48
2010-12-12,Japan,3590.59,7705.07
2011-01-06,Japan,-109.8,7595.27
2011-02-04,Japan,45.57,7640.84
2011-02-09,Japan,5735.24,13376.08
2011-03-02,Japan,-28.09,13347.99
2011-03-04,Japan,17.55,13365.54
2011-03-07,Japan,-63.12,13302.42
2011-04-04,Japan,-1591.2,11711.22
2011-04-05,Japan,3599.38,15310.6
2011-04-18,Japan,2949.12,18259.72
2011-04-26,Japan,-85.47,18174.25
2011-05-13,Japan,1351.45,19525.7
2011-06-22,Japan,1607.04,21132.74
2011-07-24,Japan,174.0,21306.74
2011-07-27,Japan,3680.4,24987.14
2011-08-23,Japan,-49.79,24937.35
2011-09-14,Japan,112.08,25049.43
2011-10-26,Japan,1948.04,26997.47
2011-11-17,Japan,4808.48,31805.95
2011-11-29,Japan,3651.6,35457.55
2011-12-06,Japan,-116.93,35340.62
2011-01-27,Lebanon,1693.88,1693.88
2010-12-05,Lithuania,1598.06,1598.06
2010-12-08,Lithuania,63.0,1661.06
2011-06-08,Malta,833.16,833.16
2011-06-16,Malta,-12.75,820.41
2011-06-22,Malta,30.0,850.41
2011-08-15,Malta,905.5,1755.91
2011-08-22,Malta,213.5,1969.41
2011-08-30,Malta,-15.75,1953.66
2011-11-17,Malta,613.43,2567.09
2011-11-23,Malta,-30.81,2536.28
2011-12-01,Malta,-30.81,2505.47
2010-12-01,Netherlands,192.6,192.6
2010-12-20,Netherlands,70.96,263.56
2010-12-21,Netherlands,8520.92,8784.48
2011-01-14,Netherlands,10389.06,19173.54
2011-01-19,Netherlands,7722.04,26895.58
2011-01-20,Netherlands,305.28,27200.86
2011-01-21,Netherlands,8060.3,35261.16
2011-01-31,Netherlands,134.48,35395.64
2011-02-01,Netherlands,214.45,35610.09
2011-02-03,Netherlands,-34.8,35575.29
2011-02-08,Netherlands,1261.28,36836.57
2011-02-21,Netherlands,18279.48,55116.05
2011-02-22,Netherlands,3211.7,58327.75
2011-03-09,Netherlands,444.8,58772.55
2011-03-14,Netherlands,117.93,58890.48
2011-03-22,Netherlands,235.71,59126.19
2011-03-25,Netherlands,1563.51,60689.7
2011-03-29,Netherlands,18247.5,78937.2
2011-03-30,Netherlands,1807.04,80744.24
2011-04-05,Netherlands,2284.2,83028.44
2011-04-28,Netherlands,692.36,83720.8
2011-05-11,Netherlands,824.4,84545.2
2011-05-12,Netherlands,16478.46,101023.66
2011-05-18,Netherlands,732.4,101756.06
2011-05-20,Netherlands,294.72,102050.78
2011-05-25,Netherlands,1392.0,103442.78
2011-05-26,Netherlands,8980.88,112423.66
2011-05-31,Netherlands,483.02,112906.68
2011-06-01,Netherlands,5422.8,118329.48
2011-06-03,Netherlands,419.8,118749.28
2011-06-06,Netherlands,427.58,119176.86
2011-06-09,Netherlands,69.0,119245.86
2011-06-19,Netherlands,5683.06,124928.92
2011-06-20,Netherlands,154.67,125083.59
2011-06-21,Netherlands,637.72,125721.31
2011-06-28,Netherlands,14028.46,139749.77
2011-07-20,Netherlands,26.02,139775.79
2011-08-09,Netherlands,12498.71,152274.5
2011-08-11,Netherlands,19150.66,171425.16
2011-08-12,Netherlands,825.6,172250.76
2011-08-18,Netherlands,-206.4,172044.36
2011-08-23,Netherlands,424.8,172469.16
2011-08-26,Netherlands,7428.04,179897.2
2011-08-31,Netherlands,-465.6,179431.6
2011-09-08,Netherlands,1946.68,181378.28
2011-09-09,Netherlands,186.56,181564.84
2011-09-13,Netherlands,8281.12,189845.96
2011-09-19,Netherlands,15618.28,205464.24
2011-09-22,Netherlands,904.62,206368.86
2011-10-05,Netherlands,91.85,206460.71
2011-10-06,Netherlands,841.55,207302.26
2011-10-07,Netherlands,171.93,207474.19
2011-10-18,Netherlands,448.92,207923.11
2011-10-20,Netherlands,25833.56,233756.67
2011-10-21,Netherlands,3325.62,237082.29
2011-10-27,Netherlands,9995.22,247077.51
2011-11-02,Netherlands,4486.91,251564.42
2011-11-10,Netherlands,9823.12,261387.54
2011-11-16,Netherlands,232.5,261620.04
2011-11-18,Netherlands,166.0,261786.04
2011-11-20,Netherlands,140.24,261926.28
2011-11-22,Netherlands,809.6,262735.88
2011-11-23,Netherlands,10078.64,272814.52
2011-11-30,Netherlands,119.0,272933.52
2011-12-07,Netherlands,11477.42,284410.94
2011-12-08,Netherlands,250.6,284661.54
2010-12-01,Norway,1919.14,1919.14
2010-12-08,Norway,1867.98,3787.12
2011-02-02,Norway,334.4,4121.52
2011-02-16,Norway,296.5,4418.02
2011-03-01,Norway,144.35,4562.37
2011-03-17,Norway,120.33,4682.7
2011-03-22,Norway,40.0,4722.7
2011-06-20,Norway,3316.66,8039.36
2011-06-21,Norway,1870.2,9909.56
2011-06-22,Norway,700.0,10609.56
2011-07-22,Norway,890.07,11499.63
2011-08-10,Norway,757.07,12256.7
2011-08-12,Norway,1268.74,13525.44
2011-08-31,Norway,-41.35,13484.09
2011-09-01,Norway,509.01,13993.1
2011-09-09,Norway,2608.11,16601.21
2011-09-15,Norway,562.54,17163.75
2011-09-19,Norway,4366.78,21530.53
2011-09-20,Norway,366.25,21896.78
2011-09-28,Norway,266.25,22163.03
2011-10-11,Norway,6.0,22169.03
2011-10-12,Norway,883.51,23052.54
2011-10-27,Norway,1755.06,24807.6
2011-10-28,Norway,1042.66,25850.26
2011-11-03,Norway,311.73,26161.99
2011-11-06,Norway,419.06,26581.05
2011-11-18,Norway,936.64,27517.69
2011-11-25,Norway,2016.78,29534.47
2011-11-30,Norway,2843.29,32377.76
2011-12-05,Norway,147.01,32524.77
2011-12-09,Norway,2638.69,35163.46
2010-12-03,Poland,248.16,248.16
2011-01-17,Poland,613.22,861.38
2011-02-04,Poland,337.2,1198.58
2011-02-08,Poland,266.85,1465.43
2011-03-15,Poland,317.78,1783.21
2011-03-21,Poland,-14.39,1768.82
2011-04-05,Poland,705.84,2474.66
2011-05-05,Poland,154.8,2629.46
2011-05-25,Poland,1367.57,3997.03
2011-06-01,Poland,-53.91,3943.12
2011-06-03,Poland,0.0,3943.12
2011-06-16,Poland,318.65,4261.77
2011-07-13,Poland,239.2,4500.97
2011-07-15,Poland,448.1,4949.07
2011-07-25,Poland,-8.85,4940.22
2011-08-03,Poland,275.88,5216.1
2011-08-30,Poland,125.92,5342.02
2011-09-05,Poland,529.25,5871.27
2011-11-02,Poland,981.95,6853.22
2011-11-04,Poland,379.28,7232.5
2011-11-18,Poland,-19.36,7213.14
2010-12-03,Portugal,131.8,131.8
2010-12-06,Portugal,129.4,261.2
2010-12-08,Portugal,1149.29,1410.49
2010-12-09,Portugal,254.03,1664.52
2010-12-10,Portugal,311.95,1976.47
2010-12-14,Portugal,-59.85,1916.62
2010-12-17,Portugal,463.5,2380.12
2011-01-05,Portugal,-57.6,2322.52
2011-01-09,Portugal,1100.16,3422.68
2011-01-18,Portugal,2271.62,5694.3
2011-01-26,Portugal,683.93,6378.23
2011-02-21,Portugal,973.65,7351.88
2011-02-28,Portugal,240.25,7592.13
2011-03-08,Portugal,1570.19,9162.32
2011-03-23,Portugal,247.6,9409.92
2011-03-24,Portugal,27.0,9436.92
2011-03-28,Portugal,400.54,9837.46
2011-03-31,Portugal,415.52,10252.98
2011-04-08,Portugal,481.46,10734.44
2011-04-13,Portugal,1206.29,11940.73
2011-05-12,Portugal,602.83,12543.56
2011-05-23,Portugal,-15.0,12528.56
2011-06-07,Portugal,243.2,12771.76
2011-06-08,Portugal,151.95,12923.71
2011-06-15,Portugal,489.31,13413.02
2011-06-24,Portugal,-4.95,13408.07
2011-07-13,Portugal,1452.2,14860.27
2011-07-20,Portugal,835.65,15695.92
2011-08-03,Portugal,-15.0,15680.92
2011-08-15,Portugal,1221.4,16902.32
2011-09-02,Portugal,317.0,17219.32
2011-09-22,Portugal,777.2,17996.52
2011-09-25,Portugal,339.02,18335.54
2011-10-06,Portugal,1730.77,20066.31
2011-10-11,Portugal,892.47,20958.78
2011-10-13,Portugal,1319.01,22277.79
2011-10-14,Portugal,642.01,22919.8
2011-10-17,Portugal,543.41,23463.21
2011-10-19,Portugal,149.75,23612.96
2011-10-25,Portugal,307.21,23920.17
2011-11-03,Portugal,202.3,24122.47
2011-11-07,Portugal,222.26,24344.73
2011-11-11,Portugal,305.3,24650.03
2011-11-14,Portugal,511.09,25161.12
2011-11-17,Portugal,58.35,25219.47
2011-11-21,Portugal,430.48,25649.95
2011-11-24,Portugal,859.12,26509.07
2011-11-30,Portugal,56.0,26565.07
2011-12-02,Portugal,1436.93,28002.0
2011-12-05,Portugal,252.25,28254.25
2011-12-06,Portugal,718.43,28972.68
2011-12-07,Portugal,394.34,29367.02
2011-10-13,RSA,1002.31,1002.31
2011-02-24,Saudi Arabia,145.92,145.92
2011-03-03,Saudi Arabia,-14.75,131.17
2011-01-25,Singapore,2053.07,2053.07
2011-04-04,Singapore,0.0,2053.07
2011-04-05,Singapore,2118.74,4171.81
2011-07-18,Singapore,3949.32,8121.13
2011-10-14,Singapore,999.26,9120.39
2011-10-19,Singapore,0.0,9120.39
2010-12-03,Spain,620.0,620.0
2010-12-09,Spain,174.72,794.72
2010-12-13,Spain,881.01,1675.73
2010-12-17,Spain,168.0,1843.73
2011-01-06,Spain,-1126.0,717.73
2011-01-07,Spain,1138.67,1856.4
2011-01-10,Spain,1715.85,3572.25
2011-01-11,Spain,4564.3,8136.55
2011-01-18,Spain,681.05,8817.6
2011-01-19,Spain,112.92,8930.52
2011-01-20,Spain,-65.7,8864.82
2011-01-24,Spain,157.45,9022.27
2011-01-27,Spain,1.20792265079217e-13,9022.27
2011-02-01,Spain,288.98,9311.25
2011-02-03,Spain,617.25,9928.5
2011-02-09,Spain,762.11,10690.61
2011-02-14,Spain,446.16,11136.77
2011-02-18,Spain,-20.8,11115.97
2011-03-04,Spain,471.8,11587.77
2011-03-07,Spain,-36.5,11551.27
2011-03-16,Spain,1218.95,12770.22
2011-03-22,Spain,1085.99,13856.21
2011-03-24,Spain,1140.76,14996.97
2011-03-25,Spain,628.15,15625.12
2011-03-28,Spain,817.5,16442.62
2011-04-11,Spain,269.95,16712.57
2011-04-21,Spain,1079.4,17791.97
2011-04-28,Spain,436.3,18228.27
2011-05-04,Spain,1380.11,19608.38
2011-05-06,Spain,522.6,20130.98
2011-05-26,Spain,48.4,20179.38
2011-05-31,Spain,1306.49,21485.87
2011-06-03,Spain,264.4,21750.27
2011-06-06,Spain,357.99,22108.26
2011-06-09,Spain,912.66,23020.92
2011-06-16,Spain,1137.99,24158.91
2011-06-19,Spain,564.2,24723.11
2011-06-26,Spain,95.2,24818.31
2011-07-04,Spain,4146.34,28964.65
2011-07-06,Spain,230.5,29195.15
2011-07-07,Spain,416.62,29611.77
2011-07-11,Spain,312.9,29924.67
2011-07-20,Spain,301.52,30226.19
2011-07-25,Spain,1358.39,31584.58
2011-07-28,Spain,811.9,32396.48
2011-08-04,Spain,867.43,33263.91
2011-08-16,Spain,200.24,33464.15
2011-08-17,Spain,231.76,33695.91
2011-08-21,Spain,-3.25,33692.66
2011-08-24,Spain,509.34,34202.0
2011-08-28,Spain,1246.49,35448.49
2011-08-31,Spain,278.4,35726.89
2011-09-05,Spain,1092.35,36819.24
2011-09-08,Spain,459.99,37279.23
2011-09-19,Spain,971.65,38250.88
2011-09-20,Spain,-25.5,38225.38
2011-09-21,Spain,964.83,39190.21
2011-09-23,Spain,1037.68,40227.89
2011-09-25,Spain,372.24,40600.13
2011-09-27,Spain,290.5,40890.63
2011-10-03,Spain,-9.95,40880.68
2011-10-04,Spain,-20.0,40860.68
2011-10-07,Spain,422.8,41283.48
2011-10-14,Spain,3528.34,44811.82
2011-10-17,Spain,-3528.34,41283.48
2011-10-18,Spain,1019.47,42302.95
2011-10-19,Spain,348.32,42651.27
2011-10-20,Spain,290.81,42942.08
2011-10-24,Spain,401.3,43343.38
2011-10-26,Spain,449.45,43792.83
2011-10-30,Spain,2176.45,45969.28
2011-11-03,Spain,372.7,46341.98
2011-11-04,Spain,738.57,47080.55
2011-11-07,Spain,11.91,47092.46
2011-11-08,Spain,573.71,47666.17
2011-11-10,Spain,791.99,48458.16
2011-11-17,Spain,1184.06,49642.22
2011-11-20,Spain,1094.23,50736.45
2011-11-21,Spain,427.48,51163.93
2011-11-23,Spain,2990.0,54153.93
2011-11-24,Spain,178.48,54332.41
2011-11-29,Spain,170.74,54503.15
2011-12-06,Spain,172.06,54675.21
2011-12-07,Spain,99.37,54774.58
2010-12-14,Sweden,0.0,0.0
2010-12-17,Sweden,2646.3,2646.3
2011-01-04,Sweden,507.56,3153.86
2011-01-28,Sweden,2938.76,6092.62
2011-02-01,Sweden,509.5,6602.12
2011-03-10,Sweden,-57.6,6544.52
2011-03-14,Sweden,4400.28,10944.8
2011-03-24,Sweden,197.9,11142.7
2011-04-15,Sweden,486.1,11628.8
2011-04-27,Sweden,323.0,11951.8
2011-05-03,Sweden,-8.5,11943.3
2011-05-04,Sweden,-8.5,11934.8
2011-05-11,Sweden,8.5,11943.3
2011-05-12,Sweden,2557.88,14501.18
2011-05-18,Sweden,115.6,14616.78
2011-06-02,Sweden,121.55,14738.33
2011-06-09,Sweden,319.95,15058.28
2011-06-23,Sweden,390.5,15448.78
2011-07-06,Sweden,2825.1,18273.88
2011-07-31,Sweden,3976.99,22250.87
2011-08-04,Sweden,612.0,22862.87
2011-08-08,Sweden,249.1,23111.97
2011-08-16,Sweden,185.9,23297.87
2011-08-17,Sweden,-9.9,23287.97
2011-08-25,Sweden,353.86,23641.83
2011-09-02,Sweden,309.45,23951.28
2011-09-13,Sweden,4114.08,28065.36
2011-09-30,Sweden,151.68,28217.04
2011-10-14,Sweden,15.0,28232.04
2011-10-17,Sweden,5296.96,33529.0
2011-10-30,Sweden,454.2,33983.2
2011-11-06,Sweden,671.69,34654.89
2011-11-08,Sweden,-20.85,34634.04
2011-11-11,Sweden,223.68,34857.72
2011-11-14,Sweden,1238.48,36096.2
2011-11-15,Sweden,181.66,36277.86
2011-11-18,Sweden,-8.67,36269.19
2011-11-22,Sweden,326.72,36595.91
2011-12-05,Sweden,0.0,36595.91
2010-12-03,Switzerland,303.4,303.4
2010-12-20,Switzerland,1001.52,1304.92
2011-01-19,Switzerland,3604.63,4909.55
2011-01-28,Switzerland,626.6,5536.15
2011-02-04,Switzerland,693.33,6229.48
2011-02-11,Switzerland,-12.25,6217.23
2011-02-24,Switzerland,1340.32,7557.55
2011-02-25,Switzerland,179.35,7736.9
2011-02-28,Switzerland,441.92,8178.82
2011-03-09,Switzerland,439.28,8618.1
2011-03-25,Switzerland,490.78,9108.88
2011-03-30,Switzerland,940.17,10049.05
2011-04-11,Switzerland,-29.85,10019.2
2011-04-14,Switzerland,669.25,10688.45
2011-04-15,Switzerland,219.0,10907.45
2011-04-20,Switzerland,-45.9,10861.55
2011-04-21,Switzerland,1009.69,11871.24
2011-05-03,Switzerland,-42.8,11828.44
2011-05-05,Switzerland,2388.31,14216.75
2011-05-09,Switzerland,315.3,14532.05
2011-05-31,Switzerland,906.4,15438.45
2011-06-08,Switzerland,612.68,16051.13
2011-06-10,Switzerland,6207.08,22258.21
2011-06-13,Switzerland,-21.95,22236.26
2011-06-24,Switzerland,417.36,22653.62
2011-06-26,Switzerland,667.03,23320.65
2011-07-01,Switzerland,360.8,23681.45
2011-07-08,Switzerland,626.88,24308.33
2011-07-15,Switzerland,-102.0,24206.33
2011-07-17,Switzerland,235.96,24442.29
2011-07-25,Switzerland,736.0,25178.29
2011-07-26,Switzerland,593.74,25772.03
2011-07-31,Switzerland,1325.23,27097.26
2011-08-02,Switzerland,3969.62,31066.88
2011-08-03,Switzerland,-16.6,31050.28
2011-08-10,Switzerland,292.69,31342.97
2011-08-14,Switzerland,-4.95,31338.02
2011-08-19,Switzerland,668.58,32006.6
2011-08-23,Switzerland,-27.15,31979.45
2011-09-06,Switzerland,200.0,32179.45
2011-09-14,Switzerland,743.28,32922.73
2011-09-15,Switzerland,160.0,33082.73
2011-09-21,Switzerland,-24.95,33057.78
2011-09-22,Switzerland,4860.64,37918.42
2011-09-28,Switzerland,1810.51,39728.93
2011-09-29,Switzerland,505.48,40234.41
2011-10-03,Switzerland,-16.75,40217.66
2011-10-05,Switzerland,2539.56,42757.22
2011-10-11,Switzerland,1527.96,44285.18
2011-10-12,Switzerland,661.92,44947.1
2011-10-25,Switzerland,1635.66,46582.76
2011-10-26,Switzerland,1275.64,47858.4
2011-10-28,Switzerland,409.99,48268.39
2011-11-06,Switzerland,6207.67,54476.06
2011-11-11,Switzerland,292.58,54768.64
2011-11-18,Switzerland,925.64,55694.28
2011-11-23,Switzerland,428.57,56122.85
2011-11-29,Switzerland,262.5,56385.35
2011-04-19,USA,383.95,383.95
2011-10-10,USA,1579.51,1963.46
2011-10-12,USA,-1579.51,383.95
2011-10-21,USA,731.69,1115.64
2011-12-02,USA,269.96,1385.6
2011-12-05,USA,615.28,2000.88
2011-12-08,USA,-269.96,1730.92
2011-02-14,United Arab Emirates,889.24,889.24
2011-09-01,United Arab Emirates,975.54,1864.78
2011-09-22,United Arab Emirates,37.5,1902.28
2010-12-01,United Kingdom,54615.15,54615.15
2010-12-02,United Kingdom,46053.93,100669.08
2010-12-03,United Kingdom,39985.44,140654.52
2010-12-05,United Kingdom,25462.2,166116.72
2010-12-06,United Kingdom,52402.84,218519.56
2010-12-07,United Kingdom,42301.48,260821.04
2010-12-08,United Kingdom,40167.17,300988.21
2010-12-09,United Kingdom,42994.03,343982.24
2010-12-10,United Kingdom,52504.6,396486.84
2010-12-12,United Kingdom,13650.33,410137.17
2010-12-13,United Kingdom,34510.78,444647.95
2010-12-14,United Kingdom,41340.07,485988.02
2010-12-15,United Kingdom,29548.3,515536.32
2010-12-16,United Kingdom,46975.39,562511.71
2010-12-17,United Kingdom,32491.11,595002.82
2010-12-19,United Kingdom,6636.34,601639.16
2010-12-20,United Kingdom,22521.34,624160.5
2010-12-21,United Kingdom,36971.81,661132.31
2010-12-22,United Kingdom,5423.45,666555.76
2010-12-23,United Kingdom,10186.86,676742.62
2011-01-04,United Kingdom,14442.92,691185.54
2011-01-05,United Kingdom,-2280.36,688905.18
2011-01-06,United Kingdom,30767.69,719672.87
2011-01-07,United Kingdom,21053.25,740726.12
2011-01-09,United Kingdom,14238.64,754964.76
2011-01-10,United Kingdom,20130.86,775095.62
2011-01-11,United Kingdom,61133.43,836229.05
2011-01-12,United Kingdom,21105.04,857334.09
2011-01-13,United Kingdom,18171.43,875505.52
2011-01-14,United Kingdom,17712.03,893217.55
2011-01-16,United Kingdom,7116.61,900334.16
2011-01-17,United Kingdom,26162.44,926496.6
2011-01-18,United Kingdom,15130.03,941626.63
2011-01-19,United Kingdom,13103.22,954729.85
2011-01-20,United Kingdom,13213.26,967943.11
2011-01-21,United Kingdom,22983.26,990926.37
2011-01-23,United Kingdom,9771.45,1000697.82
2011-01-24,United Kingdom,17459.75,1018157.57
2011-01-25,United Kingdom,22991.98,1041149.55
2011-01-26,United Kingdom,15902.83,1057052.38
2011-01-27,United Kingdom,17533.25,1074585.63
2011-01-28,United Kingdom,13617.61,1088203.24
2011-01-30,United Kingdom,6456.44,1094659.68
2011-01-31,United Kingdom,16391.24,1111050.92
2011-02-01,United Kingdom,25482.42,1136533.34
2011-02-02,United Kingdom,19853.8,1156387.14
2011-02-03,United Kingdom,20117.63,1176504.77
2011-02-04,United Kingdom,22523.64,1199028.41
2011-02-06,United Kingdom,3457.11,1202485.52
2011-02-07,United Kingdom,23434.96,1225920.48
2011-02-08,United Kingdom,19149.88,1245070.36
2011-02-09,United Kingdom,9487.01,1254557.37
2011-02-10,United Kingdom,12754.03,1267311.4
2011-02-11,United Kingdom,17941.37,1285252.77
2011-02-13,United Kingdom,5535.4,1290788.17
2011-02-14,United Kingdom,21002.48,1311790.65
2011-02-15,United Kingdom,16434.85,1328225.5
2011-02-16,United Kingdom,20670.43,1348895.93
2011-02-17,United Kingdom,24155.97,1373051.9
2011-02-18,United Kingdom,14428.55,1387480.45
2011-02-20,United Kingdom,9578.89,1397059.34
2011-02-21,United Kingdom,882.51,1397941.85
2011-02-22,United Kingdom,29105.47,1427047.32
2011-02-23,United Kingdom,24484.5,1451531.82
2011-02-24,United Kingdom,20969.33,1472501.15
2011-02-25,United Kingdom,18908.99,1491410.14
2011-02-27,United Kingdom,8967.9,1500378.04
2011-02-28,United Kingdom,18920.79,1519298.83
2011-03-01,United Kingdom,15349.11,1534647.94
2011-03-02,United Kingdom,17495.7,1552143.64
2011-03-03,United Kingdom,17434.95,1569578.59
2011-03-04,United Kingdom,16631.84,1586210.43
2011-03-06,United Kingdom,9596.23,1595806.66
2011-03-07,United Kingdom,29828.04,1625634.7
2011-03-08,United Kingdom,22599.9,1648234.6
2011-03-09,United Kingdom,19235.78,1667470.38
2011-03-10,United Kingdom,17469.35,1684939.73
2011-03-11,United Kingdom,20309.26,1705248.99
2011-03-13,United Kingdom,3794.33,1709043.32
2011-03-14,United Kingdom,18598.87,1727642.19
2011-03-15,United Kingdom,16402.11,1744044.3
2011-03-16,United Kingdom,19400.19,1763444.49
2011-03-17,United Kingdom,31998.97,1795443.46
2011-03-18,United Kingdom,13635.82,1809079.28
2011-03-20,United Kingdom,20467.39,1829546.67
2011-03-21,United Kingdom,15843.64,1845390.31
2011-03-22,United Kingdom,28106.69,1873497.0
2011-03-23,United Kingdom,19733.56,1893230.56
2011-03-24,United Kingdom,33702.3,1926932.86
2011-03-25,United Kingdom,24220.17,1951153.03
2011-03-27,United Kingdom,8844.47,1959997.5
2011-03-28,United Kingdom,14918.72,1974916.22
2011-03-29,United Kingdom,51760.82,2026677.04
2011-03-30,United Kingdom,27819.59,2054496.63
2011-03-31,United Kingdom,24509.59,2079006.22
2011-04-01,United Kingdom,21850.62,2100856.84
2011-04-03,United Kingdom,6878.1,2107734.94
2011-04-04,United Kingdom,22835.46,2130570.4
2011-04-05,United Kingdom,19335.02,2149905.42
2011-04-06,United Kingdom,16328.82,2166234.24
2011-04-07,United Kingdom,15565.88,2181800.12
2011-04-08,United Kingdom,20134.59,2201934.71
2011-04-10,United Kingdom,8887.39,2210822.1
2011-04-11,United Kingdom,19606.79,2230428.89
2011-04-12,United Kingdom,23240.04,2253668.93
2011-04-13,United Kingdom,22434.71,2276103.64
2011-04-14,United Kingdom,30572.07,2306675.71
2011-04-15,United Kingdom,26030.071,2332705.781
2011-04-17,United Kingdom,11627.34,2344333.121
2011-04-18,United Kingdom,29052.83,2373385.951
2011-04-19,United Kingdom,20240.14,2393626.091
2011-04-20,United Kingdom,27326.49,2420952.581
2011-04-21,United Kingdom,27378.36,2448330.941
2011-04-26,United Kingdom,29675.54,2478006.481
2011-04-27,United Kingdom,23706.76,2501713.241
2011-04-28,United Kingdom,19547.02,2521260.261
2011-05-01,United Kingdom,5870.33,2527130.591
2011-05-03,United Kingdom,16694.71,2543825.301
2011-05-04,United Kingdom,24733.71,2568559.011
2011-05-05,United Kingdom,25024.28,2593583.291
2011-05-06,United Kingdom,30534.89,2624118.181
2011-05-08,United Kingdom,16889.96,2641008.141
2011-05-09,United Kingdom,24123.35,2665131.491
2011-05-10,United Kingdom,42133.94,2707265.431
2011-05-11,United Kingdom,28503.98,2735769.411
2011-05-12,United Kingdom,27154.04,2762923.451
2011-05-13,United Kingdom,25544.75,2788468.201
2011-05-15,United Kingdom,9169.1,2797637.301
2011-05-16,United Kingdom,19907.79,2817545.091
2011-05-17,United Kingdom,38680.99,2856226.081
2011-05-18,United Kingdom,31205.4,2887431.481
2011-05-19,United Kingdom,28964.79,2916396.271
2011-05-20,United Kingdom,23744.47,2940140.741
2011-05-22,United Kingdom,21590.85,2961731.591
2011-05-23,United Kingdom,26268.47,2988000.061
2011-05-24,United Kingdom,36368.02,3024368.081
2011-05-25,United Kingdom,20122.34,3044490.421
2011-05-26,United Kingdom,22033.04,3066523.461
2011-05-27,United Kingdom,26385.94,3092909.401
2011-05-29,United Kingdom,6625.57,3099534.971
2011-05-31,United Kingdom,18185.15,3117720.121
2011-06-01,United Kingdom,14131.1,3131851.221
2011-06-02,United Kingdom,30432.58,3162283.801
2011-06-03,United Kingdom,14889.38,3177173.181
2011-06-05,United Kingdom,19392.04,3196565.221
2011-06-06,United Kingdom,14141.8,3210707.021
2011-06-07,United Kingdom,36420.59,3247127.611
2011-06-08,United Kingdom,36580.61,3283708.221
2011-06-09,United Kingdom,39547.33,3323255.551
2011-06-10,United Kingdom,15234.68,3338490.231
2011-06-12,United Kingdom,11540.48,3350030.711
2011-06-13,United Kingdom,14616.3,3364647.011
2011-06-14,United Kingdom,40236.13,3404883.141
2011-06-15,United Kingdom,15883.37,3420766.511
2011-06-16,United Kingdom,30485.56,3451252.071
2011-06-17,United Kingdom,15803.16,3467055.231
2011-06-19,United Kingdom,15683.99,3482739.221
2011-06-20,United Kingdom,24884.47,3507623.691
2011-06-21,United Kingdom,20504.47,3528128.161
2011-06-22,United Kingdom,16492.46,3544620.621
2011-06-23,United Kingdom,21954.28,3566574.901
2011-06-24,United Kingdom,5844.58,3572419.481
2011-06-26,United Kingdom,5368.69,3577788.171
2011-06-27,United Kingdom,15806.3,3593594.471
2011-06-28,United Kingdom,20541.9,3614136.371
2011-06-29,United Kingdom,18077.89,3632214.261
2011-06-30,United Kingdom,39984.21,3672198.471
2011-07-01,United Kingdom,10527.71,3682726.181
2011-07-03,United Kingdom,5977.14,3688703.321
2011-07-04,United Kingdom,37334.83,3726038.151
2011-07-05,United Kingdom,38852.48,3764890.631
2011-07-06,United Kingdom,21448.3,3786338.931
2011-07-07,United Kingdom,29456.0,3815794.931
2011-07-08,United Kingdom,23404.08,3839199.011
2011-07-10,United Kingdom,5692.07,3844891.081
2011-07-11,United Kingdom,19916.67,3864807.751
2011-07-12,United Kingdom,23624.37,3888432.121
2011-07-13,United Kingdom,5881.52,3894313.641
2011-07-14,United Kingdom,24933.68,3919247.321
2011-07-15,United Kingdom,12244.78,3931492.101
2011-07-17,United Kingdom,16443.37,3947935.471
2011-07-18,United Kingdom,21550.34,3969485.811
2011-07-19,United Kingdom,32075.37,4001561.181
2011-07-20,United Kingdom,25194.25,4026755.431
2011-07-21,United Kingdom,27083.0,4053838.431
2011-07-22,United Kingdom,18357.14,4072195.571
2011-07-24,United Kingdom,24771.71,4096967.281
2011-07-25,United Kingdom,23094.69,4120061.971
2011-07-26,United Kingdom,20213.251,4140275.222
2011-07-27,United Kingdom,19263.28,4159538.502
2011-07-28,United Kingdom,47704.48,4207242.982
2011-07-29,United Kingdom,16771.56,4224014.542
2011-07-31,United Kingdom,13663.77,4237678.312
2011-08-01,United Kingdom,19514.1,4257192.412
2011-08-02,United Kingdom,8393.72,4265586.132
2011-08-03,United Kingdom,25407.48,4290993.612
2011-08-04,United Kingdom,57103.74,4348097.352
2011-08-05,United Kingdom,16882.42,4364979.772
2011-08-07,United Kingdom,7356.72,4372336.492
2011-08-08,United Kingdom,17519.96,4389856.452
2011-08-09,United Kingdom,14156.06,4404012.512
2011-08-10,United Kingdom,25109.14,4429121.652
2011-08-11,United Kingdom,50256.84,4479378.492
2011-08-12,United Kingdom,4616.0,4483994.492
2011-08-14,United Kingdom,5542.99,4489537.482
2011-08-15,United Kingdom,13072.03,4502609.512
2011-08-16,United Kingdom,18666.21,4521275.722
2011-08-17,United Kingdom,45644.18,4566919.902
2011-08-18,United Kingdom,25867.35,4592787.252
2011-08-19,United Kingdom,12793.88,4605581.132
2011-08-21,United Kingdom,11807.96,4617389.092
2011-08-22,United Kingdom,24964.51,4642353.602
2011-08-23,United Kingdom,17694.17,4660047.772
2011-08-24,United Kingdom,34445.22,4694492.992
2011-08-25,United Kingdom,18201.81,4712694.802
2011-08-26,United Kingdom,14723.4,4727418.202
2011-08-28,United Kingdom,9538.29,4736956.492
2011-08-30,United Kingdom,31259.13,4768215.622
2011-08-31,United Kingdom,8593.19,4776808.812
2011-09-01,United Kingdom,29027.47,4805836.282
2011-09-02,United Kingdom,37898.64,4843734.922
2011-09-04,United Kingdom,13106.92,4856841.842
2011-09-05,United Kingdom,25870.38,4882712.222
2011-09-06,United Kingdom,22615.99,4905328.212
2011-09-07,United Kingdom,27820.6,4933148.812
2011-09-08,United Kingdom,19513.4,4952662.212
2011-09-09,United Kingdom,23175.47,4975837.682
2011-09-11,United Kingdom,33699.2,5009536.882
2011-09-12,United Kingdom,29039.31,5038576.192
2011-09-13,United Kingdom,41819.53,5080395.722
2011-09-14,United Kingdom,21051.42,5101447.142
2011-09-15,United Kingdom,58886.13,5160333.272
2011-09-16,United Kingdom,24131.7,5184464.972
2011-09-18,United Kingdom,15692.33,5200157.302
2011-09-19,United Kingdom,18754.43,5218911.732
2011-09-20,United Kingdom,106404.03,5325315.762
2011-09-21,United Kingdom,35089.43,5360405.192
2011-09-22,United Kingdom,45921.16,5406326.352
2011-09-23,United Kingdom,31530.01,5437856.362
2011-09-25,United Kingdom,28587.751,5466444.113
2011-09-26,United Kingdom,26199.501,5492643.614
2011-09-27,United Kingdom,34122.21,5526765.824
2011-09-28,United Kingdom,36542.73,5563308.554
2011-09-29,United Kingdom,40072.92,5603381.474
2011-09-30,United Kingdom,35445.49,5638826.964
2011-10-02,United Kingdom,11623.58,5650450.544
2011-10-03,United Kingdom,63883.08,5714333.624
2011-10-04,United Kingdom,47126.83,5761460.454
2011-10-05,United Kingdom,48142.13,5809602.584
2011-10-06,United Kingdom,47621.27,5857223.854
2011-10-07,United Kingdom,40727.67,5897951.524
2011-10-09,United Kingdom,11922.24,5909873.764
2011-10-10,United Kingdom,38509.86,5948383.624
2011-10-11,United Kingdom,28532.22,5976915.844
2011-10-12,United Kingdom,24385.49,6001301.334
2011-10-13,United Kingdom,27039.99,6028341.324
2011-10-14,United Kingdom,25942.87,6054284.194
2011-10-16,United Kingdom,21605.44,6075889.634
2011-10-17,United Kingdom,35468.96,6111358.594
2011-10-18,United Kingdom,37683.61,6149042.204
2011-10-19,United Kingdom,27795.51,6176837.714
2011-10-20,United Kingdom,28927.37,6205765.084
2011-10-21,United Kingdom,55166.41,6260931.494
2011-10-23,United Kingdom,12318.11,6273249.604
2011-10-24,United Kingdom,36737.65,6309987.254
2011-10-25,United Kingdom,37332.37,6347319.624
2011-10-26,United Kingdom,33292.81,6380612.434
2011-10-27,United Kingdom,33552.98,6414165.414
2011-10-28,United Kingdom,27225.77,6441391.184
2011-10-30,United Kingdom,30556.17,6471947.354
2011-10-31,United Kingdom,44317.8,6516265.154
2011-11-01,United Kingdom,24744.69,6541009.844
2011-11-02,United Kingdom,38497.12,6579506.964
2011-11-03,United Kingdom,59169.23,6638676.194
2011-11-04,United Kingdom,55433.39,6694109.584
2011-11-06,United Kingdom,33126.79,6727236.374
2011-11-07,United Kingdom,67032.56,6794268.934
2011-11-08,United Kingdom,54482.33,6848751.264
2011-11-09,United Kingdom,60272.72,6909023.984
2011-11-10,United Kingdom,54935.28,6963959.264
2011-11-11,United Kingdom,46157.4,7010116.664
2011-11-13,United Kingdom,28355.85,7038472.514
2011-11-14,United Kingdom,106778.73,7145251.244
2011-11-15,United Kingdom,51108.23,7196359.474
2011-11-16,United Kingdom,53767.31,7250126.784
2011-11-17,United Kingdom,41183.43,7291310.214
2011-11-18,United Kingdom,40370.21,7331680.424
2011-11-20,United Kingdom,31426.46,7363106.884
2011-11-21,United Kingdom,44022.22,7407129.104
2011-11-22,United Kingdom,56263.84,7463392.944
2011-11-23,United Kingdom,63137.7,7526530.644
2011-11-24,United Kingdom,39692.05,7566222.694
2011-11-25,United Kingdom,46800.62,7613023.314
2011-11-27,United Kingdom,19741.59,7632764.904
2011-11-28,United Kingdom,51529.37,7684294.274
2011-11-29,United Kingdom,64927.28,7749221.554
2011-11-30,United Kingdom,49849.38,7799070.934
2011-12-01,United Kingdom,47903.43,7846974.364
2011-12-02,United Kingdom,53417.45,7900391.814
2011-12-04,United Kingdom,21580.48,7921972.294
2011-12-05,United Kingdom,54715.25,7976687.544
2011-12-06,United Kingdom,50307.31,8026994.854
2011-12-07,United Kingdom,55028.58,8082023.434
2011-12-08,United Kingdom,78437.9,8160461.334
2011-12-09,United Kingdom,27345.03,8187806.364
2011-04-11,Unspecified,299.1,299.1
2011-05-10,Unspecified,852.68,1151.78
2011-05-19,Unspecified,203.19,1354.97
2011-06-20,Unspecified,185.78,1540.75
2011-07-08,Unspecified,626.93,2167.68
2011-07-14,Unspecified,252.05,2419.73
2011-07-28,Unspecified,546.43,2966.16
2011-08-22,Unspecified,531.03,3497.19
2011-09-02,Unspecified,286.85,3784.04
2011-11-16,Unspecified,333.2,4117.24
2011-11-24,Unspecified,632.55,4749.79
